{"attn_attn_norms_layer_-1": 191.48423767089844, "_runtime": 337, "_timestamp": 1642412057, "_step": 31, "attn_proj_norms_layer_-1": 145.24935913085938, "mlp_fc_norms_layer_-1": 222.32012939453125, "mlp_proj_norms_layer_-1": 317.4372863769531, "attn_attn_norms_bias_layer_-1": 3.937917470932007, "attn_proj_norms_bias_layer_-1": 4.401742935180664, "mlp_fc_norms_bias_layer_-1": 5.110527515411377, "mlp_proj_norms_bias_layer_-1": 2.2256178855895996}