{"weight_1": 13.13751220703125, "weight_2": 128.5176544189453, "bias_1": 0.4209778904914856, "bias_2": 5.674827575683594, "embed_weight": 71.16682434082031, "step": 999, "loss": 29.618955565452577, "eval_ppl": 27.763137817382812, "_runtime": 117, "_timestamp": 1642319568, "_step": 1}