{"attn_attn_norms_layer_-1": 191.49847412109375, "_runtime": 321, "_timestamp": 1642412446, "_step": 23, "attn_proj_norms_layer_-1": 145.23886108398438, "mlp_fc_norms_layer_-1": 222.2826385498047, "mlp_proj_norms_layer_-1": 317.4349365234375, "attn_attn_norms_bias_layer_-1": 3.941389799118042, "attn_proj_norms_bias_layer_-1": 4.394306659698486, "mlp_fc_norms_bias_layer_-1": 5.113162517547607, "mlp_proj_norms_bias_layer_-1": 2.2281885147094727}