{"weight_1": 13.062322616577148, "weight_2": 127.97246551513672, "bias_1": 0.4214765727519989, "bias_2": 5.655033111572266, "embed_weight": 71.15534210205078, "step": 1, "_runtime": 5, "_timestamp": 1641388812, "_step": 1, "_wandb": {"runtime": 4}}