{"attn_attn_norms_layer_-1": 191.48626708984375, "_runtime": 181, "_timestamp": 1642409377, "_step": 15, "attn_proj_norms_layer_-1": 145.2310791015625, "mlp_fc_norms_layer_-1": 222.2576446533203, "mlp_proj_norms_layer_-1": 317.4085998535156, "attn_attn_norms_bias_layer_-1": 3.9380688667297363, "attn_proj_norms_bias_layer_-1": 4.392050743103027, "mlp_fc_norms_bias_layer_-1": 5.109034538269043, "mlp_proj_norms_bias_layer_-1": 2.233032464981079}