{"attn_attn_norms_layer_-1": 191.49330139160156, "_runtime": 356, "_timestamp": 1642409106, "_step": 31, "attn_proj_norms_layer_-1": 145.23736572265625, "mlp_fc_norms_layer_-1": 222.29188537597656, "mlp_proj_norms_layer_-1": 317.4541931152344, "attn_attn_norms_bias_layer_-1": 3.9397261142730713, "attn_proj_norms_bias_layer_-1": 4.393313407897949, "mlp_fc_norms_bias_layer_-1": 5.109475135803223, "mlp_proj_norms_bias_layer_-1": 2.22977876663208}